{
    "first_name": "mohammed",
    "last_name": "alqaisy",
    "address1": "Regementsgatan 45",
    "address2": "",
    "phone": "0736536984",
    "zip_code": "645 33",
    "city": "45",
    "products": [
        {
            "id": 1,
            "name": "mikha",
            "price": 1
        },
        {
            "id": 1,
            "name": "mikha",
            "price": 1
        },
        {
            "id": 1,
            "name": "mikha",
            "price": 1
        },
        {
            "id": 1,
            "name": "mikha",
            "price": 1
        },
        {
            "id": 1,
            "name": "mikha",
            "price": 1
        }
    ],
    "total": "5",
    "payment_method": "Swish",
    "timestamp": "2025-02-05 03:36:11"
}