{
    "first_name": "mohammed",
    "last_name": "alqaisy",
    "address1": "Regementsgatan 45",
    "address2": "",
    "phone": "0736536984",
    "zip_code": "645 33",
    "city": "45",
    "products": [
        {
            "id": 2,
            "name": "Rostade kaffeb\u00f6nor",
            "price": 50
        },
        {
            "id": 2,
            "name": "Rostade kaffeb\u00f6nor",
            "price": 50
        },
        {
            "id": 2,
            "name": "Rostade kaffeb\u00f6nor",
            "price": 50
        },
        {
            "id": 2,
            "name": "Rostade kaffeb\u00f6nor",
            "price": 50
        },
        {
            "id": 2,
            "name": "Rostade kaffeb\u00f6nor",
            "price": 50
        },
        {
            "id": 2,
            "name": "Rostade kaffeb\u00f6nor",
            "price": 50
        }
    ],
    "total": "300",
    "payment_method": "Swish",
    "timestamp": "2025-02-05 03:40:44"
}